episode_length,episode_return,evaluator_episodes,evaluator_steps,steps_per_second
1,"[0.00000000e+00 0.00000000e+00 0.00000000e+00 0.00000000e+00
 7.13725940e-04 0.00000000e+00 0.00000000e+00 0.00000000e+00
 6.11411284e-04 0.00000000e+00 0.00000000e+00 6.58539362e-01]",1,1,0.001161264593271703
